_apt	105	65534	/nonexistent	/usr/sbin/nologin
backup	34	34	/var/backups	/usr/sbin/nologin
bin	2	2	/bin	/usr/sbin/nologin
bluey	1000	1000	/home/bluey	/bin/bash
daemon	1	1	/usr/sbin	/usr/sbin/nologin
fwupd-refresh	111	116	/run/systemd	/usr/sbin/nologin
games	5	60	/usr/games	/usr/sbin/nologin
gnats	41	41	/var/lib/gnats	/usr/sbin/nologin
irc	39	39	/var/run/ircd	/usr/sbin/nologin
landscape	109	115	/var/lib/landscape	/usr/sbin/nologin
list	38	38	/var/list	/usr/sbin/nologin
lp	7	7	/var/spool/lpd	/usr/sbin/nologin
lxd	998	100	/var/snap/lxd/common/lxd	/bin/false
mail	8	8	/var/mail	/usr/sbin/nologin
man	6	12	/var/cache/man	/usr/sbin/nologin
messagebus	103	106	/nonexistent	/usr/sbin/nologin
mysql	114	118	/nonexistent	/bin/false
news	9	9	/var/spool/news	/usr/sbin/nologin
nobody	65534	65534	/nonexistent	/usr/sbin/nologin
pollinate	110	1	/var/cache/pollinate	/bin/false
proxy	13	13	/bin	/usr/sbin/nologin
root	0	0	/root	/bin/bash
sshd	113	65534	/run/sshd	/usr/sbin/nologin
sync	4	65534	/bin	/bin/sync
sys	3	3	/dev	/usr/sbin/nologin
syslog	104	110	/home/syslog	/usr/sbin/nologin
systemd-coredump	999	999	/	/usr/sbin/nologin
systemd-network	100	102	/run/systemd	/usr/sbin/nologin
systemd-resolve	101	103	/run/systemd	/usr/sbin/nologin
systemd-timesync	102	104	/run/systemd	/usr/sbin/nologin
tcpdump	108	113	/nonexistent	/usr/sbin/nologin
tss	106	111	/var/lib/tpm	/bin/false
usbmux	112	46	/var/lib/usbmux	/usr/sbin/nologin
uucp	10	10	/var/spool/uucp	/usr/sbin/nologin
uuidd	107	112	/run/uuidd	/usr/sbin/nologin
www-data	33	33	/var/www	/usr/sbin/nologin
