accountsservice	0.6.55-0ubuntu12~20.04.7
adduser	3.118ubuntu2
alsa-topology-conf	1.2.2-1
alsa-ucm-conf	1.2.2-1ubuntu0.13
amd64-microcode	3.20191218.1ubuntu1.3
apparmor	2.13.3-7ubuntu5.4
apport	2.20.11-0ubuntu27.31
apport-symptoms	0.23
apt	2.0.9
apt-utils	2.0.9
at	3.1.23-1ubuntu1
base-files	11ubuntu5.7
base-passwd	3.5.47
bash	5.0-6ubuntu1.2
bash-completion	1:2.10-1ubuntu1
bc	1.07.1-2build1
bcache-tools	1.0.8-3ubuntu0.1
bind9-dnsutils	1:9.18.30-0ubuntu0.20.04.2
bind9-host	1:9.18.30-0ubuntu0.20.04.2
bind9-libs	1:9.18.30-0ubuntu0.20.04.2
binutils	2.34-6ubuntu1.11
binutils-common	2.34-6ubuntu1.11
binutils-x86-64-linux-gnu	2.34-6ubuntu1.11
bolt	0.9.1-2~ubuntu20.04.1
bsdmainutils	11.1.2ubuntu3
bsdutils	1:2.34-0.1ubuntu9.6
btrfs-progs	5.4.1-2
build-essential	12.8ubuntu1.1
busybox-initramfs	1:1.30.1-4ubuntu6.5
busybox-static	1:1.30.1-4ubuntu6.5
byobu	5.133-0ubuntu1
bzip2	1.0.8-2
ca-certificates	20240203~20.04.1
cloud-guest-utils	0.31-7-gd99b2d76-0ubuntu1
cloud-init	23.1.2-0ubuntu0~20.04.2
cloud-initramfs-copymods	0.45ubuntu2
cloud-initramfs-dyn-netconf	0.45ubuntu2
command-not-found	20.04.6
console-setup	1.194ubuntu3
console-setup-linux	1.194ubuntu3
coreutils	8.30-3ubuntu2
cpio	2.13+dfsg-2ubuntu0.4
cpp	4:9.3.0-1ubuntu2
cpp-9	9.4.0-1ubuntu1~20.04.2
crda	3.18-1build1
cron	3.0pl1-136ubuntu1
cryptsetup	2:2.2.2-3ubuntu2.4
cryptsetup-bin	2:2.2.2-3ubuntu2.4
cryptsetup-initramfs	2:2.2.2-3ubuntu2.4
cryptsetup-run	2:2.2.2-3ubuntu2.4
curl	7.68.0-1ubuntu2.25
dash	0.5.10.2-6
dbus	1.12.16-2ubuntu2.3
dbus-user-session	1.12.16-2ubuntu2.3
dconf-gsettings-backend	0.36.0-1
dconf-service	0.36.0-1
debconf	1.5.73
debconf-i18n	1.5.73
debianutils	4.9.1
diffutils	1:3.7-3
dirmngr	2.2.19-3ubuntu2.5
distro-info	0.23ubuntu1
distro-info-data	0.43ubuntu1.20
dmeventd	2:1.02.167-1ubuntu1
dmidecode	3.2-3
dmsetup	2:1.02.167-1ubuntu1
dosfstools	4.1-2
dpkg	1.19.7ubuntu3.2
dpkg-dev	1.19.7ubuntu3.2
e2fsprogs	1.45.5-2ubuntu1.1
eatmydata	105-7
ed	1.16-1
eject	2.1.5+deb1+cvs20081104-14
ethtool	1:5.4-1
fakeroot	1.24-1
fdisk	2.34-0.1ubuntu9.6
file	1:5.38-4
finalrd	6~ubuntu20.04.1
findutils	4.7.0-1ubuntu1
fonts-ubuntu-console	0.83-4ubuntu1
friendly-recovery	0.2.41ubuntu0.20.04.1
ftp	0.17-34.1
fuse	2.9.9-3
fwupd	1.7.9-1~20.04.1
fwupd-signed	1.51.1~20.04.1+1.4-0ubuntu0.1
g++	4:9.3.0-1ubuntu2
g++-9	9.4.0-1ubuntu1~20.04.2
galera-3	25.3.29-1
gawk	1:5.0.1+dfsg-1ubuntu0.1
gcc-10-base	10.5.0-1ubuntu1~20.04
gcc	4:9.3.0-1ubuntu2
gcc-9	9.4.0-1ubuntu1~20.04.2
gcc-9-base	9.4.0-1ubuntu1~20.04.2
gdisk	1.0.5-1
gettext-base	0.19.8.1-10build1
gir1.2-glib-2.0	1.64.1-1~ubuntu20.04.1
gir1.2-packagekitglib-1.0	1.1.13-2ubuntu1.1
git	1:2.25.1-1ubuntu3.14
git-man	1:2.25.1-1ubuntu3.14
glib-networking	2.64.2-1ubuntu0.1
glib-networking-common	2.64.2-1ubuntu0.1
glib-networking-services	2.64.2-1ubuntu0.1
gnupg	2.2.19-3ubuntu2.5
gnupg-l10n	2.2.19-3ubuntu2.5
gnupg-utils	2.2.19-3ubuntu2.5
gpg	2.2.19-3ubuntu2.5
gpg-agent	2.2.19-3ubuntu2.5
gpgconf	2.2.19-3ubuntu2.5
gpgsm	2.2.19-3ubuntu2.5
gpgv	2.2.19-3ubuntu2.5
gpg-wks-client	2.2.19-3ubuntu2.5
gpg-wks-server	2.2.19-3ubuntu2.5
grep	3.4-1
groff-base	1.22.4-4build1
grub2-common	2.04-1ubuntu26.17
grub-common	2.04-1ubuntu26.17
grub-gfxpayload-lists	0.7
grub-pc	2.04-1ubuntu26.17
grub-pc-bin	2.04-1ubuntu26.17
gsettings-desktop-schemas	3.36.0-1ubuntu1
gzip	1.10-0ubuntu4.1
hdparm	9.58+ds-4
hostname	3.23
htop	2.2.0-2build1
info	6.7.0.dfsg.2-5
init	1.57
initramfs-tools	0.136ubuntu6.7
initramfs-tools-bin	0.136ubuntu6.7
initramfs-tools-core	0.136ubuntu6.7
init-system-helpers	1.57
install-info	6.7.0.dfsg.2-5
intel-microcode	3.20250512.0ubuntu0.20.04.1
iproute2	5.5.0-1ubuntu1
iptables	1.8.4-3ubuntu2
iputils-ping	3:20190709-3
iputils-tracepath	3:20190709-3
irqbalance	1.6.0-3ubuntu1
isc-dhcp-client	4.4.1-2.1ubuntu5.20.04.5
isc-dhcp-common	4.4.1-2.1ubuntu5.20.04.5
iso-codes	4.4-1
iucode-tool	2.3.1-1
iw	5.4-1
kbd	2.0.4-4ubuntu2
keyboard-configuration	1.194ubuntu3
klibc-utils	2.0.7-1ubuntu5.2
kmod	27-1ubuntu2.1
kpartx	0.8.3-1ubuntu2.1
krb5-locales	1.17-6ubuntu4.11
landscape-common	19.12-0ubuntu4.3
language-selector-common	0.204.2
less	551-1ubuntu0.3
libaccountsservice0	0.6.55-0ubuntu12~20.04.7
libacl1	2.2.53-6
libaio1	0.3.112-5
libalgorithm-diff-perl	1.19.03-2
libalgorithm-diff-xs-perl	0.04-6
libalgorithm-merge-perl	0.08-3
libapparmor1	2.13.3-7ubuntu5.4
libappstream4	0.12.10-2
libapt-pkg6.0	2.0.9
libarchive13	3.4.0-2ubuntu1.5
libargon2-1	0~20171227-0.2
libasan5	9.4.0-1ubuntu1~20.04.2
libasn1-8-heimdal	7.7.0+dfsg-1ubuntu1.4
libasound2	1.2.2-2.1ubuntu2.5
libasound2-data	1.2.2-2.1ubuntu2.5
libassuan0	2.5.3-7ubuntu2
libatasmart4	0.19-5
libatm1	1:2.5.1-4
libatomic1	10.5.0-1ubuntu1~20.04
libattr1	1:2.4.48-5
libaudit1	1:2.8.5-2ubuntu6
libaudit-common	1:2.8.5-2ubuntu6
libbinutils	2.34-6ubuntu1.11
libblkid1	2.34-0.1ubuntu9.6
libblockdev2	2.23-2ubuntu3
libblockdev-crypto2	2.23-2ubuntu3
libblockdev-fs2	2.23-2ubuntu3
libblockdev-loop2	2.23-2ubuntu3
libblockdev-part2	2.23-2ubuntu3
libblockdev-part-err2	2.23-2ubuntu3
libblockdev-swap2	2.23-2ubuntu3
libblockdev-utils2	2.23-2ubuntu3
libbrotli1	1.0.7-6ubuntu0.1
libbsd0	0.10.0-1
libbz2-1.0	1.0.8-2
libc6	2.31-0ubuntu9.18
libc6-dev	2.31-0ubuntu9.18
libcanberra0	0.30-7ubuntu1
libcap2	1:2.32-1ubuntu0.2
libcap2-bin	1:2.32-1ubuntu0.2
libcap-ng0	0.7.9-2.1build1
libc-bin	2.31-0ubuntu9.18
libcbor0.6	0.6.0-0ubuntu1
libcc1-0	10.5.0-1ubuntu1~20.04
libc-dev-bin	2.31-0ubuntu9.18
libcgi-fast-perl	1:2.15-1
libcgi-pm-perl	4.46-1
libcom-err2	1.45.5-2ubuntu1.1
libconfig-inifiles-perl	3.000002-1
libcrypt1	1:4.4.10-10ubuntu4
libcrypt-dev	1:4.4.10-10ubuntu4
libcryptsetup12	2:2.2.2-3ubuntu2.4
libctf0	2.34-6ubuntu1.11
libctf-nobfd0	2.34-6ubuntu1.11
libcurl3-gnutls	7.68.0-1ubuntu2.25
libcurl4	7.68.0-1ubuntu2.25
libdb5.3	5.3.28+dfsg1-0.6ubuntu2
libdbd-mysql-perl	4.050-3ubuntu0.2
libdbi-perl	1.643-1ubuntu0.1
libdbus-1-3	1.12.16-2ubuntu2.3
libdbus-glib-1-2	0.110-5fakssync1
libdconf1	0.36.0-1
libdebconfclient0	0.251ubuntu1
libdevmapper1.02.1	2:1.02.167-1ubuntu1
libdevmapper-event1.02.1	2:1.02.167-1ubuntu1
libdns-export1109	1:9.11.16+dfsg-3~ubuntu1
libdpkg-perl	1.19.7ubuntu3.2
libdrm2	2.4.107-8ubuntu1~20.04.2
libdrm-common	2.4.107-8ubuntu1~20.04.2
libeatmydata1	105-7
libedit2	3.1-20191231-1
libefiboot1	37-2ubuntu2.2
libefivar1	37-2ubuntu2.2
libelf1	0.176-1.1ubuntu0.1
libencode-locale-perl	1.05-1
liberror-perl	0.17029-1
libestr0	0.1.10-2.1
libevdev2	1.9.0+dfsg-1ubuntu0.2
libevent-2.1-7	2.1.11-stable-1
libexpat1	2.2.9-1ubuntu0.8
libext2fs2	1.45.5-2ubuntu1.1
libfakeroot	1.24-1
libfastjson4	0.99.8-2
libfcgi-perl	0.79-1ubuntu0.1
libfdisk1	2.34-0.1ubuntu9.6
libffi7	3.3-4
libfido2-1	1.3.1-1ubuntu2
libfile-fcntllock-perl	0.22-3build4
libfl2	2.6.4-6.2
libfreetype6	2.10.1-2ubuntu0.4
libfribidi0	1.0.8-2ubuntu0.1
libfuse2	2.9.9-3
libfwupd2	1.7.9-1~20.04.1
libfwupdplugin1	1.5.11-0ubuntu1~20.04.2
libfwupdplugin5	1.7.9-1~20.04.1
libgcab-1.0-0	1.4-1
libgcc-9-dev	9.4.0-1ubuntu1~20.04.2
libgcc-s1	10.5.0-1ubuntu1~20.04
libgcrypt20	1.8.5-5ubuntu1.1
libgdbm6	1.18.1-5
libgdbm-compat4	1.18.1-5
libgirepository-1.0-1	1.64.1-1~ubuntu20.04.1
libglib2.0-0	2.64.6-1~ubuntu20.04.9
libglib2.0-bin	2.64.6-1~ubuntu20.04.9
libglib2.0-data	2.64.6-1~ubuntu20.04.9
libgmp10	2:6.2.0+dfsg-4ubuntu0.1
libgnutls30	3.6.13-2ubuntu1.12
libgomp1	10.5.0-1ubuntu1~20.04
libgpg-error0	1.37-1
libgpgme11	1.13.1-7ubuntu2
libgpm2	1.20.7-5
libgssapi3-heimdal	7.7.0+dfsg-1ubuntu1.4
libgssapi-krb5-2	1.17-6ubuntu4.11
libgstreamer1.0-0	1.16.3-0ubuntu1.2
libgudev-1.0-0	1:233-1
libgusb2	0.3.4-0.1
libhcrypto4-heimdal	7.7.0+dfsg-1ubuntu1.4
libheimbase1-heimdal	7.7.0+dfsg-1ubuntu1.4
libheimntlm0-heimdal	7.7.0+dfsg-1ubuntu1.4
libhogweed5	3.5.1+really3.5.1-2ubuntu0.2
libhtml-parser-perl	3.72-5
libhtml-tagset-perl	3.20-4
libhtml-template-perl	2.97-1
libhttp-date-perl	6.05-1
libhttp-message-perl	6.22-1
libhx509-5-heimdal	7.7.0+dfsg-1ubuntu1.4
libicu66	66.1-2ubuntu2.1
libidn2-0	2.2.0-2
libimobiledevice6	1.2.1~git20191129.9f79242-1build1
libio-html-perl	1.001-1
libip4tc2	1.8.4-3ubuntu2
libip6tc2	1.8.4-3ubuntu2
libisc-export1105	1:9.11.16+dfsg-3~ubuntu1
libisl22	0.22.1-1
libisns0	0.97-3
libitm1	10.5.0-1ubuntu1~20.04
libjcat1	0.1.4-0ubuntu0.20.04.1
libjson-c4	0.13.1+dfsg-7ubuntu0.3
libjson-glib-1.0-0	1.4.4-2ubuntu2
libjson-glib-1.0-common	1.4.4-2ubuntu2
libk5crypto3	1.17-6ubuntu4.11
libkeyutils1	1.6-6ubuntu1.1
libklibc	2.0.7-1ubuntu5.2
libkmod2	27-1ubuntu2.1
libkrb5-26-heimdal	7.7.0+dfsg-1ubuntu1.4
libkrb5-3	1.17-6ubuntu4.11
libkrb5support0	1.17-6ubuntu4.11
libksba8	1.3.5-2ubuntu0.20.04.2
libldap-2.4-2	2.4.49+dfsg-2ubuntu1.10
libldap-common	2.4.49+dfsg-2ubuntu1.10
liblmdb0	0.9.24-1
liblocale-gettext-perl	1.07-4
liblsan0	10.5.0-1ubuntu1~20.04
libltdl7	2.4.6-14
liblvm2cmd2.03	2.03.07-1ubuntu1
liblwp-mediatypes-perl	6.04-1
liblz4-1	1.9.2-2ubuntu0.20.04.1
liblzma5	5.2.4-1ubuntu1.1
liblzo2-2	2.10-2
libmagic1	1:5.38-4
libmagic-mgc	1:5.38-4
libmaxminddb0	1.4.2-0ubuntu1.20.04.1
libmbim-glib4	1.26.2-1~ubuntu20.04.1
libmbim-proxy	1.26.2-1~ubuntu20.04.1
libmm-glib0	1.18.6-1~ubuntu20.04.1
libmnl0	1.0.4-2
libmount1	2.34-0.1ubuntu9.6
libmpc3	1.1.0-1
libmpdec2	2.4.2-3
libmpfr6	4.0.2-1
libmspack0	0.10.1-2
libmysqlclient21	8.0.42-0ubuntu0.20.04.1
libncurses6	6.2-0ubuntu2.1
libncurses-dev	6.2-0ubuntu2.1
libncursesw6	6.2-0ubuntu2.1
libnetfilter-conntrack3	1.0.7-2
libnetplan0	0.104-0ubuntu2~20.04.6
libnettle7	3.5.1+really3.5.1-2ubuntu0.2
libnewt0.52	0.52.21-4ubuntu2
libnfnetlink0	1.0.1-3build1
libnftnl11	1.1.5-1
libnghttp2-14	1.40.0-1ubuntu0.3
libnl-3-200	3.4.0-1ubuntu0.1
libnl-genl-3-200	3.4.0-1ubuntu0.1
libnpth0	1.6-1
libnspr4	2:4.35-0ubuntu0.20.04.1
libnss3	2:3.98-0ubuntu0.20.04.2
libnss-systemd	245.4-4ubuntu3.20
libntfs-3g883	1:2017.3.23AR.3-3ubuntu1.3
libnuma1	2.0.12-1
libogg0	1.3.4-0ubuntu1
libp11-kit0	0.23.20-1ubuntu0.1
libpackagekit-glib2-18	1.1.13-2ubuntu1.1
libpam0g	1.3.1-5ubuntu4.7
libpam-cap	1:2.32-1ubuntu0.2
libpam-modules	1.3.1-5ubuntu4.7
libpam-modules-bin	1.3.1-5ubuntu4.7
libpam-runtime	1.3.1-5ubuntu4.7
libpam-systemd	245.4-4ubuntu3.20
libparted2	3.3-4ubuntu0.20.04.1
libparted-fs-resize0	3.3-4ubuntu0.20.04.1
libpcap0.8	1.9.1-3
libpci3	1:3.6.4-1ubuntu0.20.04.1
libpcre2-8-0	10.34-7ubuntu0.1
libpcre3	2:8.39-12ubuntu0.1
libperl5.30	5.30.0-9ubuntu0.5
libpipeline1	1.5.2-2build1
libplist3	2.1.0-4build2
libplymouth5	0.9.4git20200323-0ubuntu6.2
libpng16-16	1.6.37-2
libpolkit-agent-1-0	0.105-26ubuntu1.3
libpolkit-gobject-1-0	0.105-26ubuntu1.3
libpopt0	1.16-14
libprocps8	2:3.3.16-1ubuntu2.4
libproxy1v5	0.4.15-10ubuntu1.2
libpsl5	0.21.0-1ubuntu1
libpython3.8	3.8.10-0ubuntu1~20.04.18
libpython3.8-minimal	3.8.10-0ubuntu1~20.04.18
libpython3.8-stdlib	3.8.10-0ubuntu1~20.04.18
libpython3-stdlib	3.8.2-0ubuntu2
libqmi-glib5	1.30.4-1~ubuntu20.04.1
libqmi-proxy	1.30.4-1~ubuntu20.04.1
libquadmath0	10.5.0-1ubuntu1~20.04
libreadline5	5.2+dfsg-3build3
libreadline8	8.0-4
libroken18-heimdal	7.7.0+dfsg-1ubuntu1.4
librtmp1	2.4+20151223.gitfa8646d.1-2build1
libsasl2-2	2.1.27+dfsg-2ubuntu0.1
libsasl2-modules	2.1.27+dfsg-2ubuntu0.1
libsasl2-modules-db	2.1.27+dfsg-2ubuntu0.1
libseccomp2	2.5.1-1ubuntu1~20.04.2
libselinux1	3.0-1build2
libsemanage1	3.0-1build2
libsemanage-common	3.0-1build2
libsepol1	3.0-1ubuntu0.1
libsgutils2-2	1.44-1ubuntu2
libsigsegv2	2.12-2
libslang2	2.3.2-4
libsmartcols1	2.34-0.1ubuntu9.6
libsmbios-c2	2.4.3-1
libsnappy1v5	1.1.8-1build1
libsodium23	1.0.18-1
libsoup2.4-1	2.70.0-1ubuntu0.5
libsqlite3-0	3.31.1-4ubuntu0.7
libss2	1.45.5-2ubuntu1.1
libssh-4	0.9.3-2ubuntu2.5
libssl1.1	1.1.1f-1ubuntu2.24
libstdc++6	10.5.0-1ubuntu1~20.04
libstdc++-9-dev	9.4.0-1ubuntu1~20.04.2
libstemmer0d	0+svn585-2
libsystemd0	245.4-4ubuntu3.20
libtasn1-6	4.16.0-2ubuntu0.1
libtdb1	1.4.5-0ubuntu0.20.04.1
libterm-readkey-perl	2.38-1build1
libtext-charwidth-perl	0.04-10
libtext-iconv-perl	1.7-7
libtext-wrapi18n-perl	0.06-9
libtimedate-perl	2.3200-1
libtinfo6	6.2-0ubuntu2.1
libtsan0	10.5.0-1ubuntu1~20.04
libtss2-esys0	2.3.2-1ubuntu0.20.04.2
libubsan1	10.5.0-1ubuntu1~20.04
libuchardet0	0.0.6-3build1
libudev1	245.4-4ubuntu3.20
libudisks2-0	2.8.4-1ubuntu2
libunistring2	0.9.10-2
libunwind8	1.2.1-9build1
libupower-glib3	0.99.11-1build2
liburcu6	0.11.1-2
liburi-perl	1.76-2
libusb-1.0-0	2:1.0.23-2build1
libusbmuxd6	2.0.1-2
libutempter0	1.1.6-4
libuuid1	2.34-0.1ubuntu9.6
libuv1	1.34.2-1ubuntu1.5
libvolume-key1	0.3.12-3.1
libvorbis0a	1.3.6-2ubuntu1
libvorbisfile3	1.3.6-2ubuntu1
libwind0-heimdal	7.7.0+dfsg-1ubuntu1.4
libwrap0	7.6.q-30
libx11-6	2:1.6.9-2ubuntu1.6
libx11-data	2:1.6.9-2ubuntu1.6
libxau6	1:1.0.9-0ubuntu1
libxcb1	1.14-2
libxdmcp6	1:1.1.3-0ubuntu1
libxext6	2:1.3.4-0ubuntu1
libxml2	2.9.10+dfsg-5ubuntu0.20.04.10
libxmlb1	0.1.15-2ubuntu1~20.04.1
libxmlb2	0.3.6-2build1~20.04.1
libxmlsec1	1.2.28-2
libxmlsec1-openssl	1.2.28-2
libxmuu1	2:1.1.3-0ubuntu1
libxslt1.1	1.1.34-4ubuntu0.20.04.3
libxtables12	1.8.4-3ubuntu2
libyaml-0-2	0.2.2-1
libzstd1	1.4.4+dfsg-3ubuntu0.1
linux-base	4.5ubuntu3.7
linux-firmware	1.187.39
linux-generic	5.4.0.216.208
linux-headers-5.4.0-216	5.4.0-216.236
linux-headers-5.4.0-216-generic	5.4.0-216.236
linux-headers-generic	5.4.0.216.208
linux-image-5.4.0-216-generic	5.4.0-216.236
linux-image-generic	5.4.0.216.208
linux-libc-dev	5.4.0-216.236
linux-modules-5.4.0-216-generic	5.4.0-216.236
linux-modules-extra-5.4.0-216-generic	5.4.0-216.236
locales	2.31-0ubuntu9.18
login	1:4.8.1-1ubuntu5.20.04.5
logrotate	3.14.0-4ubuntu3
logsave	1.45.5-2ubuntu1.1
lsb-base	11.1.0ubuntu2
lsb-release	11.1.0ubuntu2
lshw	02.18.85-0.3ubuntu2.20.04.1
lsof	4.93.2+dfsg-1ubuntu0.20.04.1
ltrace	0.7.3-6.1ubuntu1
lvm2	2.03.07-1ubuntu1
lxd-agent-loader	0.4
lz4	1.9.2-2ubuntu0.20.04.1
make	4.2.1-1.2
man-db	2.9.1-1
manpages	5.05-1
manpages-dev	5.05-1
mariadb-client-10.3	1:10.3.39-0ubuntu0.20.04.2
mariadb-client-core-10.3	1:10.3.39-0ubuntu0.20.04.2
mariadb-common	1:10.3.39-0ubuntu0.20.04.2
mariadb-server-10.3	1:10.3.39-0ubuntu0.20.04.2
mariadb-server	1:10.3.39-0ubuntu0.20.04.2
mariadb-server-core-10.3	1:10.3.39-0ubuntu0.20.04.2
mawk	1.3.4.20200120-2
mdadm	4.1-5ubuntu1.2
mime-support	3.64ubuntu1
modemmanager	1.18.6-1~ubuntu20.04.1
motd-news-config	11ubuntu5.7
mount	2.34-0.1ubuntu9.6
mtr-tiny	0.93-1
multipath-tools	0.8.3-1ubuntu2.1
mysql-common	5.8+1.0.5ubuntu2
nano	4.8-1ubuntu1.1
ncurses-base	6.2-0ubuntu2.1
ncurses-bin	6.2-0ubuntu2.1
ncurses-term	6.2-0ubuntu2.1
netbase	6.1
netcat-openbsd	1.206-1ubuntu1
netplan.io	0.104-0ubuntu2~20.04.6
networkd-dispatcher	2.1-2~ubuntu20.04.3
ntfs-3g	1:2017.3.23AR.3-3ubuntu1.3
open-iscsi	2.0.874-7.1ubuntu6.4
openssh-client	1:8.2p1-4ubuntu0.13
openssh-server	1:8.2p1-4ubuntu0.13
openssh-sftp-server	1:8.2p1-4ubuntu0.13
openssl	1.1.1f-1ubuntu2.24
open-vm-tools	2:11.3.0-2ubuntu0~ubuntu20.04.8
os-prober	1.74ubuntu2
overlayroot	0.45ubuntu2
packagekit	1.1.13-2ubuntu1.1
packagekit-tools	1.1.13-2ubuntu1.1
parted	3.3-4ubuntu0.20.04.1
passwd	1:4.8.1-1ubuntu5.20.04.5
pastebinit	1.5.1-1
patch	2.7.6-6
pci.ids	0.0~2020.03.20-1
pciutils	1:3.6.4-1ubuntu0.20.04.1
perl	5.30.0-9ubuntu0.5
perl-base	5.30.0-9ubuntu0.5
perl-modules-5.30	5.30.0-9ubuntu0.5
pinentry-curses	1.1.0-3build1
plymouth	0.9.4git20200323-0ubuntu6.2
plymouth-theme-ubuntu-text	0.9.4git20200323-0ubuntu6.2
policykit-1	0.105-26ubuntu1.3
pollinate	4.33-3ubuntu1.20.04.1
popularity-contest	1.69ubuntu1
powermgmt-base	1.36
procps	2:3.3.16-1ubuntu2.4
psmisc	23.3-1
publicsuffix	20200303.0012-1
python3	3.8.2-0ubuntu2
python3.8	3.8.10-0ubuntu1~20.04.18
python3.8-minimal	3.8.10-0ubuntu1~20.04.18
python3-apport	2.20.11-0ubuntu27.31
python3-apt	2.0.1ubuntu0.20.04.1
python3-attr	19.3.0-2
python3-automat	0.8.0-1ubuntu1
python3-blinker	1.4+dfsg1-0.3ubuntu1
python3-certifi	2019.11.28-1
python3-cffi-backend	1.14.0-1build1
python3-chardet	3.0.4-4build1
python3-click	7.0-3
python3-colorama	0.4.3-1build1
python3-commandnotfound	20.04.6
python3-configobj	5.0.6-4ubuntu0.1
python3-constantly	15.1.0-1build1
python3-cryptography	2.8-3ubuntu0.3
python3-dbus	1.2.16-1build1
python3-debconf	1.5.73
python3-debian	0.1.36ubuntu1
python3-distro	1.4.0-1
python3-distro-info	0.23ubuntu1
python3-distupgrade	1:20.04.41
python3-distutils	3.8.10-0ubuntu1~20.04
python3-entrypoints	0.3-2ubuntu1
python3-gdbm	3.8.10-0ubuntu1~20.04
python3-gi	3.36.0-1
python3-hamcrest	1.9.0-3
python3-httplib2	0.14.0-1ubuntu1
python3-hyperlink	19.0.0-1
python3-idna	2.8-1ubuntu0.1
python3-importlib-metadata	1.5.0-1
python3-incremental	16.10.1-3.2
python3-jinja2	2.10.1-2ubuntu0.6
python3-jsonpatch	1.23-3
python3-json-pointer	2.0-0ubuntu1
python3-jsonschema	3.2.0-0ubuntu2
python3-jwt	1.7.1-2ubuntu2.1
python3-keyring	18.0.1-2ubuntu1
python3-launchpadlib	1.10.13-1
python3-lazr.restfulclient	0.14.2-2build1
python3-lazr.uri	1.0.3-4build1
python3-lib2to3	3.8.10-0ubuntu1~20.04
python3-markupsafe	1.1.0-1build2
python3-minimal	3.8.2-0ubuntu2
python3-more-itertools	4.2.0-1build1
python3-nacl	1.3.0-5
python3-netifaces	0.10.4-1ubuntu4
python3-newt	0.52.21-4ubuntu2
python3-oauthlib	3.1.0-1ubuntu2
python3-openssl	19.0.0-1build1
python3-pexpect	4.6.0-1build1
python3-pkg-resources	45.2.0-1ubuntu0.3
python3-problem-report	2.20.11-0ubuntu27.31
python3-ptyprocess	0.6.0-1ubuntu1
python3-pyasn1	0.4.2-3build1
python3-pyasn1-modules	0.2.1-0.2build1
python3-pymacaroons	0.13.0-3
python3-pyrsistent	0.15.5-1build1
python3-requests	2.22.0-2ubuntu1.1
python3-requests-unixsocket	0.2.0-2
python3-secretstorage	2.3.1-2ubuntu1
python3-serial	3.4-5.1
python3-service-identity	18.1.0-5build1
python3-setuptools	45.2.0-1ubuntu0.3
python3-simplejson	3.16.0-2ubuntu2
python3-six	1.14.0-2
python3-software-properties	0.99.9.11
python3-systemd	234-3build2
python3-twisted	18.9.0-11ubuntu0.20.04.5
python3-twisted-bin	18.9.0-11ubuntu0.20.04.5
python3-update-manager	1:20.04.10.11
python3-urllib3	1.25.8-2ubuntu0.4
python3-wadllib	1.3.3-3build1
python3-yaml	5.3.1-1ubuntu0.1
python3-zipp	1.0.0-1ubuntu0.1
python3-zope.interface	4.7.1-1
python-apt-common	2.0.1ubuntu0.20.04.1
readline-common	8.0-4
rsync	3.1.3-8ubuntu0.9
rsyslog	8.2001.0-1ubuntu1.3
run-one	1.17-0ubuntu1
sbsigntool	0.9.2-2ubuntu1.1
screen	4.8.0-1ubuntu0.1
secureboot-db	1.5
sed	4.7-1
sensible-utils	0.0.12+nmu1
sg3-utils	1.44-1ubuntu2
sg3-utils-udev	1.44-1ubuntu2
shared-mime-info	1.15-1
snapd	2.63+20.04ubuntu0.1
socat	1.7.3.3-2
software-properties-common	0.99.9.11
sosreport	4.4-1ubuntu0.20.04.1
sound-theme-freedesktop	0.8-2ubuntu1
squashfs-tools	1:4.4-1ubuntu0.3
ssh-import-id	5.10-0ubuntu1
strace	5.5-3ubuntu1
sudo	1.8.31-1ubuntu1.5
systemd	245.4-4ubuntu3.20
systemd-sysv	245.4-4ubuntu3.20
systemd-timesyncd	245.4-4ubuntu3.20
sysvinit-utils	2.96-2.1ubuntu1
tar	1.30+dfsg-7ubuntu0.20.04.4
tcpdump	4.9.3-4ubuntu0.2
telnet	0.17-41.2build1
thermald	1.9.1-1ubuntu0.7
thin-provisioning-tools	0.8.5-4build1
time	1.7-25.1build1
tmux	3.0a-2ubuntu0.4
tpm-udev	0.4
traceroute	1:2.1.0-2
tzdata	2025b-0ubuntu0.20.04.1
ubuntu-advantage-tools	27.13.6~20.04.1
ubuntu-keyring	2020.02.11.4
ubuntu-minimal	1.450.2
ubuntu-release-upgrader-core	1:20.04.41
ubuntu-server	1.450.2
ubuntu-standard	1.450.2
ucf	3.0038+nmu1
udev	245.4-4ubuntu3.20
udisks2	2.8.4-1ubuntu2
ufw	0.36-6ubuntu1
unattended-upgrades	2.3ubuntu0.3
update-manager-core	1:20.04.10.11
update-notifier-common	3.192.30.16
upower	0.99.11-1build2
usb.ids	2020.03.19-1
usb-modeswitch	2.5.2+repack0-2ubuntu3
usb-modeswitch-data	20191128-3
usbmuxd	1.1.1~git20191130.9af2b12-1
usbutils	1:012-2
util-linux	2.34-0.1ubuntu9.6
uuid-runtime	2.34-0.1ubuntu9.6
vim	2:8.1.2269-1ubuntu5.32
vim-common	2:8.1.2269-1ubuntu5.32
vim-runtime	2:8.1.2269-1ubuntu5.32
vim-tiny	2:8.1.2269-1ubuntu5.32
wget	1.20.3-1ubuntu2.1
whiptail	0.52.21-4ubuntu2
wireless-regdb	2026.05.30-0ubuntu1~20.04.1
xauth	1:1.1-0ubuntu1
xdg-user-dirs	0.17-2ubuntu1
xfsprogs	5.3.0-1ubuntu2
xkb-data	2.29-2
xxd	2:8.1.2269-1ubuntu5.32
xz-utils	5.2.4-1ubuntu1.1
zerofree	1.1.1-1
zlib1g	1:1.2.11.dfsg-2ubuntu1.5
