755	root	root	/etc/cron.d
755	root	root	/etc/cron.daily
755	root	root	/etc/cron.daily/apport
755	root	root	/etc/cron.daily/apt-compat
755	root	root	/etc/cron.daily/bsdmainutils
755	root	root	/etc/cron.daily/dpkg
755	root	root	/etc/cron.daily/logrotate
755	root	root	/etc/cron.daily/man-db
644	root	root	/etc/cron.daily/.placeholder
755	root	root	/etc/cron.daily/popularity-contest
755	root	root	/etc/cron.daily/update-notifier-common
644	root	root	/etc/cron.d/e2scrub_all
644	root	root	/etc/cron.d/.placeholder
644	root	root	/etc/cron.d/popularity-contest
755	root	root	/etc/cron.hourly
644	root	root	/etc/cron.hourly/.placeholder
755	root	root	/etc/cron.monthly
644	root	root	/etc/cron.monthly/.placeholder
644	root	root	/etc/crontab
755	root	root	/etc/cron.weekly
755	root	root	/etc/cron.weekly/man-db
644	root	root	/etc/cron.weekly/.placeholder
755	root	root	/etc/cron.weekly/update-notifier-common
644	root	root	/etc/fstab
644	root	root	/etc/group
640	root	shadow	/etc/gshadow
755	root	root	/etc/pam.d
644	root	root	/etc/pam.d/atd
644	root	root	/etc/pam.d/chfn
644	root	root	/etc/pam.d/chpasswd
644	root	root	/etc/pam.d/chsh
644	root	root	/etc/pam.d/common-account
644	root	root	/etc/pam.d/common-auth
644	root	root	/etc/pam.d/common-password
644	root	root	/etc/pam.d/common-session
644	root	root	/etc/pam.d/common-session-noninteractive
644	root	root	/etc/pam.d/cron
644	root	root	/etc/pam.d/login
644	root	root	/etc/pam.d/newusers
644	root	root	/etc/pam.d/other
644	root	root	/etc/pam.d/passwd
644	root	root	/etc/pam.d/polkit-1
644	root	root	/etc/pam.d/runuser
644	root	root	/etc/pam.d/runuser-l
644	root	root	/etc/pam.d/sshd
644	root	root	/etc/pam.d/su
644	root	root	/etc/pam.d/sudo
644	root	root	/etc/pam.d/su-l
644	root	root	/etc/pam.d/systemd-user
644	root	root	/etc/pam.d/vmtoolsd
644	root	root	/etc/passwd
755	root	root	/etc/security
644	root	root	/etc/security/access.conf
644	root	root	/etc/security/capability.conf
644	root	root	/etc/security/faillock.conf
644	root	root	/etc/security/group.conf
644	root	root	/etc/security/limits.conf
755	root	root	/etc/security/limits.d
644	root	root	/etc/security/namespace.conf
755	root	root	/etc/security/namespace.d
755	root	root	/etc/security/namespace.init
600	root	root	/etc/security/opasswd
644	root	root	/etc/security/pam_env.conf
644	root	root	/etc/security/sepermit.conf
644	root	root	/etc/security/time.conf
640	root	shadow	/etc/shadow
440	root	root	/etc/sudoers
755	root	root	/etc/sudoers.d
440	root	root	/etc/sudoers.d/README
644	root	root	/etc/sysctl.conf
755	root	root	/etc/sysctl.d
644	root	root	/etc/sysctl.d/10-console-messages.conf
644	root	root	/etc/sysctl.d/10-ipv6-privacy.conf
644	root	root	/etc/sysctl.d/10-kernel-hardening.conf
644	root	root	/etc/sysctl.d/10-link-restrictions.conf
644	root	root	/etc/sysctl.d/10-magic-sysrq.conf
644	root	root	/etc/sysctl.d/10-network-security.conf
644	root	root	/etc/sysctl.d/10-ptrace.conf
644	root	root	/etc/sysctl.d/10-zeropage.conf
777	root	root	/etc/sysctl.d/99-sysctl.conf
644	root	root	/etc/sysctl.d/README.sysctl
