6755	daemon	daemon	/usr/bin/at
2755	root	tty	/usr/bin/bsd-write
2755	root	shadow	/usr/bin/chage
4755	root	root	/usr/bin/chfn
4755	root	root	/usr/bin/chsh
2755	root	crontab	/usr/bin/crontab
2755	root	shadow	/usr/bin/expiry
4755	root	root	/usr/bin/fusermount
4755	root	root	/usr/bin/gpasswd
4755	root	root	/usr/bin/mount
4755	root	root	/usr/bin/newgrp
4755	root	root	/usr/bin/passwd
4755	root	root	/usr/bin/pkexec
2755	root	ssh	/usr/bin/ssh-agent
4755	root	root	/usr/bin/su
4755	root	root	/usr/bin/sudo
4755	root	root	/usr/bin/umount
4754	root	messagebus	/usr/lib/dbus-1.0/dbus-daemon-launch-helper
4755	root	root	/usr/lib/eject/dmcrypt-get-device
4755	root	root	/usr/lib/openssh/ssh-keysign
4755	root	root	/usr/lib/policykit-1/polkit-agent-helper-1
4755	root	root	/usr/lib/snapd/snap-confine
2755	root	utmp	/usr/lib/x86_64-linux-gnu/utempter/utempter
2755	root	shadow	/usr/sbin/pam_extrausers_chkpwd
2755	root	shadow	/usr/sbin/unix_chkpwd
