accounts-daemon.service	enabled
apparmor.service	enabled
apport-autoreport.service	static
apport-forward@.service	static
apport.service	generated
apt-daily.service	static
apt-daily-upgrade.service	static
apt-news.service	static
atd.service	enabled
autovt@.service	enabled
blk-availability.service	enabled
bolt.service	static
clean-mount-point@.service	static
cloud-config.service	enabled
cloud-final.service	enabled
cloud-init-hotplugd.service	static
cloud-init-local.service	enabled
cloud-init.service	enabled
console-getty.service	disabled
console-setup.service	enabled
container-getty@.service	static
cron.service	enabled
cryptdisks-early.service	masked
cryptdisks.service	masked
dbus-org.freedesktop.hostname1.service	static
dbus-org.freedesktop.locale1.service	static
dbus-org.freedesktop.login1.service	static
dbus-org.freedesktop.ModemManager1.service	enabled
dbus-org.freedesktop.resolve1.service	enabled
dbus-org.freedesktop.thermald.service	enabled
dbus-org.freedesktop.timedate1.service	static
dbus-org.freedesktop.timesync1.service	enabled
dbus.service	static
debug-shell.service	disabled
dmesg.service	enabled
dm-event.service	static
e2scrub_all.service	static
e2scrub_fail@.service	static
e2scrub_reap.service	enabled
e2scrub@.service	static
emergency.service	static
esm-cache.service	static
finalrd.service	enabled
friendly-recovery.service	static
fstrim.service	static
fwupd-offline-update.service	static
fwupd-refresh.service	static
fwupd.service	static
getty@.service	enabled
getty-static.service	static
grub-common.service	enabled
grub-initrd-fallback.service	enabled
hwclock.service	masked
initrd-cleanup.service	static
initrd-parse-etc.service	static
initrd-switch-root.service	static
initrd-udevadm-cleanup-db.service	static
irqbalance.service	enabled
iscsid.service	disabled
iscsi.service	enabled
keyboard-setup.service	enabled
kmod.service	static
kmod-static-nodes.service	static
logrotate.service	static
lvm2-lvmpolld.service	static
lvm2-monitor.service	enabled
lvm2-pvscan@.service	static
lvm2.service	masked
lxd-agent-9p.service	enabled
lxd-agent.service	enabled
man-db.service	static
mariadb@.service	disabled
mariadb.service	enabled
mdadm-grow-continue@.service	static
mdadm-last-resort@.service	static
mdcheck_continue.service	static
mdcheck_start.service	static
mdmonitor-oneshot.service	static
mdmonitor.service	static
mdmon@.service	static
ModemManager.service	enabled
modprobe@.service	static
motd-news.service	static
multipathd.service	enabled
multipath-tools-boot.service	masked
multipath-tools.service	enabled
mysqld.service	enabled
mysql.service	enabled
netplan-ovs-cleanup.service	enabled-runtime
networkd-dispatcher.service	enabled
ondemand.service	enabled
open-iscsi.service	enabled
open-vm-tools.service	enabled
packagekit-offline-update.service	static
packagekit.service	static
plymouth-halt.service	static
plymouth-kexec.service	static
plymouth-log.service	static
plymouth-poweroff.service	static
plymouth-quit.service	static
plymouth-quit-wait.service	static
plymouth-read-write.service	static
plymouth-reboot.service	static
plymouth.service	static
plymouth-start.service	static
plymouth-switch-root.service	static
polkit.service	static
pollinate.service	enabled
procps.service	static
quotaon.service	static
rc-local.service	static
rc.service	masked
rcS.service	masked
rescue.service	static
rsync.service	enabled
rsyslog.service	enabled
screen-cleanup.service	masked
secureboot-db.service	enabled
serial-getty@.service	disabled
setvtrgb.service	enabled
snapd.apparmor.service	enabled
snapd.autoimport.service	enabled
snapd.core-fixup.service	enabled
snapd.failure.service	static
snapd.recovery-chooser-trigger.service	enabled
snapd.seeded.service	enabled
snapd.service	enabled
snapd.snap-repair.service	static
snapd.system-shutdown.service	enabled
snap.lxd.activate.service	enabled
snap.lxd.daemon.service	static
sshd.service	enabled
ssh.service	enabled
ssh@.service	static
sudo.service	masked
syslog.service	enabled
systemd-ask-password-console.service	static
systemd-ask-password-plymouth.service	static
systemd-ask-password-wall.service	static
systemd-backlight@.service	static
systemd-binfmt.service	static
systemd-bless-boot.service	static
systemd-boot-check-no-failures.service	disabled
systemd-boot-system-token.service	static
systemd-exit.service	static
systemd-fsckd.service	static
systemd-fsck-root.service	enabled-runtime
systemd-fsck@.service	static
systemd-halt.service	static
systemd-hibernate-resume@.service	static
systemd-hibernate.service	static
systemd-hostnamed.service	static
systemd-hwdb-update.service	static
systemd-hybrid-sleep.service	static
systemd-initctl.service	static
systemd-journald.service	static
systemd-journald@.service	static
systemd-journal-flush.service	static
systemd-kexec.service	static
systemd-localed.service	static
systemd-logind.service	static
systemd-machine-id-commit.service	static
systemd-modules-load.service	static
systemd-networkd.service	enabled
systemd-networkd-wait-online.service	enabled
systemd-network-generator.service	disabled
systemd-poweroff.service	static
systemd-pstore.service	enabled
systemd-quotacheck.service	static
systemd-random-seed.service	static
systemd-reboot.service	static
systemd-remount-fs.service	enabled-runtime
systemd-resolved.service	enabled
systemd-rfkill.service	static
systemd-suspend.service	static
systemd-suspend-then-hibernate.service	static
systemd-sysctl.service	static
systemd-sysusers.service	static
systemd-timedated.service	static
systemd-timesyncd.service	enabled
systemd-time-wait-sync.service	disabled
systemd-tmpfiles-clean.service	static
systemd-tmpfiles-setup-dev.service	static
systemd-tmpfiles-setup.service	static
systemd-udevd.service	static
systemd-udev-settle.service	static
systemd-udev-trigger.service	static
systemd-update-utmp-runlevel.service	static
systemd-update-utmp.service	static
systemd-user-sessions.service	static
systemd-volatile-root.service	static
system-update-cleanup.service	static
thermald.service	enabled
ua-reboot-cmds.service	enabled
ua-timer.service	static
ubuntu-advantage.service	enabled
udev.service	static
udisks2.service	enabled
ufw.service	enabled
unattended-upgrades.service	enabled
upower.service	disabled
usb_modeswitch@.service	static
usbmuxd.service	static
user-runtime-dir@.service	static
user@.service	static
uuidd.service	indirect
vgauth.service	enabled
vmtoolsd.service	enabled
x11-common.service	masked
xfs_scrub_all.service	static
xfs_scrub_fail@.service	static
xfs_scrub@.service	static
